"hex_id","period_50yr","total_buildings","risk_buildings","risk_share","map_category"
22,"1925-1974",1,0,0,"0%"
22,"1975-2025",NA,NA,NA,"No building data"
23,"1925-1974",NA,NA,NA,"No building data"
23,"1975-2025",NA,NA,NA,"No building data"
25,"1925-1974",NA,NA,NA,"No building data"
25,"1975-2025",NA,NA,NA,"No building data"
26,"1925-1974",NA,NA,NA,"No building data"
26,"1975-2025",NA,NA,NA,"No building data"
41,"1925-1974",NA,NA,NA,"No building data"
41,"1975-2025",NA,NA,NA,"No building data"
42,"1925-1974",1,0,0,"0%"
42,"1975-2025",NA,NA,NA,"No building data"
43,"1925-1974",NA,NA,NA,"No building data"
43,"1975-2025",NA,NA,NA,"No building data"
44,"1925-1974",NA,NA,NA,"No building data"
44,"1975-2025",NA,NA,NA,"No building data"
45,"1925-1974",NA,NA,NA,"No building data"
45,"1975-2025",1,0,0,"0%"
46,"1925-1974",NA,NA,NA,"No building data"
46,"1975-2025",NA,NA,NA,"No building data"
62,"1925-1974",2,0,0,"0%"
62,"1975-2025",1,0,0,"0%"
63,"1925-1974",NA,NA,NA,"No building data"
63,"1975-2025",NA,NA,NA,"No building data"
64,"1925-1974",NA,NA,NA,"No building data"
64,"1975-2025",NA,NA,NA,"No building data"
65,"1925-1974",NA,NA,NA,"No building data"
65,"1975-2025",2,0,0,"0%"
66,"1925-1974",NA,NA,NA,"No building data"
66,"1975-2025",NA,NA,NA,"No building data"
81,"1925-1974",2,0,0,"0%"
81,"1975-2025",1,0,0,"0%"
82,"1925-1974",NA,NA,NA,"No building data"
82,"1975-2025",NA,NA,NA,"No building data"
83,"1925-1974",NA,NA,NA,"No building data"
83,"1975-2025",NA,NA,NA,"No building data"
84,"1925-1974",1,0,0,"0%"
84,"1975-2025",2,0,0,"0%"
85,"1925-1974",NA,NA,NA,"No building data"
85,"1975-2025",1,0,0,"0%"
86,"1925-1974",NA,NA,NA,"No building data"
86,"1975-2025",NA,NA,NA,"No building data"
101,"1925-1974",NA,NA,NA,"No building data"
101,"1975-2025",NA,NA,NA,"No building data"
102,"1925-1974",NA,NA,NA,"No building data"
102,"1975-2025",1,0,0,"0%"
103,"1925-1974",3,0,0,"0%"
103,"1975-2025",NA,NA,NA,"No building data"
104,"1925-1974",NA,NA,NA,"No building data"
104,"1975-2025",NA,NA,NA,"No building data"
105,"1925-1974",NA,NA,NA,"No building data"
105,"1975-2025",2,0,0,"0%"
106,"1925-1974",1,0,0,"0%"
106,"1975-2025",1,0,0,"0%"
107,"1925-1974",NA,NA,NA,"No building data"
107,"1975-2025",NA,NA,NA,"No building data"
121,"1925-1974",NA,NA,NA,"No building data"
121,"1975-2025",1,0,0,"0%"
122,"1925-1974",1,0,0,"0%"
122,"1975-2025",NA,NA,NA,"No building data"
123,"1925-1974",1,0,0,"0%"
123,"1975-2025",NA,NA,NA,"No building data"
124,"1925-1974",1,0,0,"0%"
124,"1975-2025",2,0,0,"0%"
125,"1925-1974",1,0,0,"0%"
125,"1975-2025",2,0,0,"0%"
126,"1925-1974",NA,NA,NA,"No building data"
126,"1975-2025",NA,NA,NA,"No building data"
141,"1925-1974",NA,NA,NA,"No building data"
141,"1975-2025",NA,NA,NA,"No building data"
142,"1925-1974",2,0,0,"0%"
142,"1975-2025",1,0,0,"0%"
143,"1925-1974",NA,NA,NA,"No building data"
143,"1975-2025",NA,NA,NA,"No building data"
144,"1925-1974",NA,NA,NA,"No building data"
144,"1975-2025",NA,NA,NA,"No building data"
145,"1925-1974",NA,NA,NA,"No building data"
145,"1975-2025",1,0,0,"0%"
146,"1925-1974",NA,NA,NA,"No building data"
146,"1975-2025",NA,NA,NA,"No building data"
161,"1925-1974",NA,NA,NA,"No building data"
161,"1975-2025",NA,NA,NA,"No building data"
162,"1925-1974",NA,NA,NA,"No building data"
162,"1975-2025",1,0,0,"0%"
163,"1925-1974",1,0,0,"0%"
163,"1975-2025",1,0,0,"0%"
164,"1925-1974",NA,NA,NA,"No building data"
164,"1975-2025",1,0,0,"0%"
165,"1925-1974",1,0,0,"0%"
165,"1975-2025",NA,NA,NA,"No building data"
166,"1925-1974",NA,NA,NA,"No building data"
166,"1975-2025",NA,NA,NA,"No building data"
181,"1925-1974",NA,NA,NA,"No building data"
181,"1975-2025",NA,NA,NA,"No building data"
182,"1925-1974",NA,NA,NA,"No building data"
182,"1975-2025",NA,NA,NA,"No building data"
183,"1925-1974",NA,NA,NA,"No building data"
183,"1975-2025",NA,NA,NA,"No building data"
184,"1925-1974",NA,NA,NA,"No building data"
184,"1975-2025",NA,NA,NA,"No building data"
185,"1925-1974",11,0,0,"0%"
185,"1975-2025",40,0,0,"0%"
186,"1925-1974",NA,NA,NA,"No building data"
186,"1975-2025",NA,NA,NA,"No building data"
201,"1925-1974",NA,NA,NA,"No building data"
201,"1975-2025",NA,NA,NA,"No building data"
202,"1925-1974",1,0,0,"0%"
202,"1975-2025",NA,NA,NA,"No building data"
203,"1925-1974",5,0,0,"0%"
203,"1975-2025",NA,NA,NA,"No building data"
204,"1925-1974",1,0,0,"0%"
204,"1975-2025",108,0,0,"0%"
205,"1925-1974",9,0,0,"0%"
205,"1975-2025",NA,NA,NA,"No building data"
206,"1925-1974",NA,NA,NA,"No building data"
206,"1975-2025",NA,NA,NA,"No building data"
221,"1925-1974",NA,NA,NA,"No building data"
221,"1975-2025",NA,NA,NA,"No building data"
222,"1925-1974",NA,NA,NA,"No building data"
222,"1975-2025",1,0,0,"0%"
223,"1925-1974",1,0,0,"0%"
223,"1975-2025",NA,NA,NA,"No building data"
224,"1925-1974",NA,NA,NA,"No building data"
224,"1975-2025",NA,NA,NA,"No building data"
225,"1925-1974",162,0,0,"0%"
225,"1975-2025",56,0,0,"0%"
226,"1925-1974",NA,NA,NA,"No building data"
226,"1975-2025",1,0,0,"0%"
227,"1925-1974",1,0,0,"0%"
227,"1975-2025",NA,NA,NA,"No building data"
241,"1925-1974",1,0,0,"0%"
241,"1975-2025",NA,NA,NA,"No building data"
242,"1925-1974",NA,NA,NA,"No building data"
242,"1975-2025",NA,NA,NA,"No building data"
243,"1925-1974",2,0,0,"0%"
243,"1975-2025",NA,NA,NA,"No building data"
244,"1925-1974",14,0,0,"0%"
244,"1975-2025",21,0,0,"0%"
245,"1925-1974",22,0,0,"0%"
245,"1975-2025",7,0,0,"0%"
246,"1925-1974",NA,NA,NA,"No building data"
246,"1975-2025",NA,NA,NA,"No building data"
247,"1925-1974",NA,NA,NA,"No building data"
247,"1975-2025",NA,NA,NA,"No building data"
248,"1925-1974",NA,NA,NA,"No building data"
248,"1975-2025",NA,NA,NA,"No building data"
250,"1925-1974",NA,NA,NA,"No building data"
250,"1975-2025",NA,NA,NA,"No building data"
251,"1925-1974",NA,NA,NA,"No building data"
251,"1975-2025",NA,NA,NA,"No building data"
262,"1925-1974",NA,NA,NA,"No building data"
262,"1975-2025",NA,NA,NA,"No building data"
263,"1925-1974",NA,NA,NA,"No building data"
263,"1975-2025",2,0,0,"0%"
264,"1925-1974",2,0,0,"0%"
264,"1975-2025",NA,NA,NA,"No building data"
265,"1925-1974",4,0,0,"0%"
265,"1975-2025",22,0,0,"0%"
266,"1925-1974",1,0,0,"0%"
266,"1975-2025",1,0,0,"0%"
267,"1925-1974",NA,NA,NA,"No building data"
267,"1975-2025",1,0,0,"0%"
268,"1925-1974",3,0,0,"0%"
268,"1975-2025",1,0,0,"0%"
271,"1925-1974",NA,NA,NA,"No building data"
271,"1975-2025",NA,NA,NA,"No building data"
282,"1925-1974",NA,NA,NA,"No building data"
282,"1975-2025",NA,NA,NA,"No building data"
283,"1925-1974",NA,NA,NA,"No building data"
283,"1975-2025",NA,NA,NA,"No building data"
284,"1925-1974",1,0,0,"0%"
284,"1975-2025",2,0,0,"0%"
285,"1925-1974",1,0,0,"0%"
285,"1975-2025",NA,NA,NA,"No building data"
286,"1925-1974",NA,NA,NA,"No building data"
286,"1975-2025",NA,NA,NA,"No building data"
287,"1925-1974",NA,NA,NA,"No building data"
287,"1975-2025",NA,NA,NA,"No building data"
288,"1925-1974",NA,NA,NA,"No building data"
288,"1975-2025",NA,NA,NA,"No building data"
290,"1925-1974",1,0,0,"0%"
290,"1975-2025",NA,NA,NA,"No building data"
291,"1925-1974",NA,NA,NA,"No building data"
291,"1975-2025",1,0,0,"0%"
302,"1925-1974",NA,NA,NA,"No building data"
302,"1975-2025",NA,NA,NA,"No building data"
303,"1925-1974",NA,NA,NA,"No building data"
303,"1975-2025",1,0,0,"0%"
304,"1925-1974",NA,NA,NA,"No building data"
304,"1975-2025",NA,NA,NA,"No building data"
305,"1925-1974",NA,NA,NA,"No building data"
305,"1975-2025",NA,NA,NA,"No building data"
306,"1925-1974",NA,NA,NA,"No building data"
306,"1975-2025",NA,NA,NA,"No building data"
307,"1925-1974",NA,NA,NA,"No building data"
307,"1975-2025",1,0,0,"0%"
308,"1925-1974",1,0,0,"0%"
308,"1975-2025",NA,NA,NA,"No building data"
309,"1925-1974",NA,NA,NA,"No building data"
309,"1975-2025",NA,NA,NA,"No building data"
310,"1925-1974",NA,NA,NA,"No building data"
310,"1975-2025",NA,NA,NA,"No building data"
311,"1925-1974",2,0,0,"0%"
311,"1975-2025",3,0,0,"0%"
321,"1925-1974",NA,NA,NA,"No building data"
321,"1975-2025",NA,NA,NA,"No building data"
322,"1925-1974",NA,NA,NA,"No building data"
322,"1975-2025",NA,NA,NA,"No building data"
323,"1925-1974",NA,NA,NA,"No building data"
323,"1975-2025",NA,NA,NA,"No building data"
324,"1925-1974",1,0,0,"0%"
324,"1975-2025",NA,NA,NA,"No building data"
325,"1925-1974",1,0,0,"0%"
325,"1975-2025",1,0,0,"0%"
326,"1925-1974",1,0,0,"0%"
326,"1975-2025",NA,NA,NA,"No building data"
327,"1925-1974",NA,NA,NA,"No building data"
327,"1975-2025",1,0,0,"0%"
328,"1925-1974",NA,NA,NA,"No building data"
328,"1975-2025",NA,NA,NA,"No building data"
329,"1925-1974",NA,NA,NA,"No building data"
329,"1975-2025",4,0,0,"0%"
330,"1925-1974",3,0,0,"0%"
330,"1975-2025",NA,NA,NA,"No building data"
331,"1925-1974",1,0,0,"0%"
331,"1975-2025",NA,NA,NA,"No building data"
342,"1925-1974",NA,NA,NA,"No building data"
342,"1975-2025",NA,NA,NA,"No building data"
343,"1925-1974",NA,NA,NA,"No building data"
343,"1975-2025",1,0,0,"0%"
344,"1925-1974",NA,NA,NA,"No building data"
344,"1975-2025",NA,NA,NA,"No building data"
345,"1925-1974",NA,NA,NA,"No building data"
345,"1975-2025",NA,NA,NA,"No building data"
346,"1925-1974",7,0,0,"0%"
346,"1975-2025",51,0,0,"0%"
347,"1925-1974",1,0,0,"0%"
347,"1975-2025",NA,NA,NA,"No building data"
348,"1925-1974",NA,NA,NA,"No building data"
348,"1975-2025",NA,NA,NA,"No building data"
349,"1925-1974",NA,NA,NA,"No building data"
349,"1975-2025",NA,NA,NA,"No building data"
350,"1925-1974",4,0,0,"0%"
350,"1975-2025",67,0,0,"0%"
351,"1925-1974",6,0,0,"0%"
351,"1975-2025",2,0,0,"0%"
361,"1925-1974",NA,NA,NA,"No building data"
361,"1975-2025",NA,NA,NA,"No building data"
362,"1925-1974",NA,NA,NA,"No building data"
362,"1975-2025",NA,NA,NA,"No building data"
363,"1925-1974",1,0,0,"0%"
363,"1975-2025",1,0,0,"0%"
364,"1925-1974",1,0,0,"0%"
364,"1975-2025",2,0,0,"0%"
365,"1925-1974",NA,NA,NA,"No building data"
365,"1975-2025",NA,NA,NA,"No building data"
366,"1925-1974",125,0,0,"0%"
366,"1975-2025",28,0,0,"0%"
367,"1925-1974",NA,NA,NA,"No building data"
367,"1975-2025",2,0,0,"0%"
368,"1925-1974",NA,NA,NA,"No building data"
368,"1975-2025",1,0,0,"0%"
369,"1925-1974",17,0,0,"0%"
369,"1975-2025",12,0,0,"0%"
370,"1925-1974",1,0,0,"0%"
370,"1975-2025",3,0,0,"0%"
371,"1925-1974",NA,NA,NA,"No building data"
371,"1975-2025",NA,NA,NA,"No building data"
382,"1925-1974",NA,NA,NA,"No building data"
382,"1975-2025",NA,NA,NA,"No building data"
383,"1925-1974",NA,NA,NA,"No building data"
383,"1975-2025",NA,NA,NA,"No building data"
384,"1925-1974",2,0,0,"0%"
384,"1975-2025",NA,NA,NA,"No building data"
385,"1925-1974",2,0,0,"0%"
385,"1975-2025",4,0,0,"0%"
386,"1925-1974",NA,NA,NA,"No building data"
386,"1975-2025",1,0,0,"0%"
387,"1925-1974",1,0,0,"0%"
387,"1975-2025",1,0,0,"0%"
388,"1925-1974",NA,NA,NA,"No building data"
388,"1975-2025",1,0,0,"0%"
389,"1925-1974",NA,NA,NA,"No building data"
389,"1975-2025",1,0,0,"0%"
390,"1925-1974",5,0,0,"0%"
390,"1975-2025",108,0,0,"0%"
391,"1925-1974",1,0,0,"0%"
391,"1975-2025",NA,NA,NA,"No building data"
392,"1925-1974",NA,NA,NA,"No building data"
392,"1975-2025",NA,NA,NA,"No building data"
402,"1925-1974",NA,NA,NA,"No building data"
402,"1975-2025",NA,NA,NA,"No building data"
403,"1925-1974",1,0,0,"0%"
403,"1975-2025",NA,NA,NA,"No building data"
404,"1925-1974",NA,NA,NA,"No building data"
404,"1975-2025",NA,NA,NA,"No building data"
405,"1925-1974",NA,NA,NA,"No building data"
405,"1975-2025",NA,NA,NA,"No building data"
406,"1925-1974",1,0,0,"0%"
406,"1975-2025",17,0,0,"0%"
407,"1925-1974",NA,NA,NA,"No building data"
407,"1975-2025",NA,NA,NA,"No building data"
408,"1925-1974",NA,NA,NA,"No building data"
408,"1975-2025",1,0,0,"0%"
409,"1925-1974",4,0,0,"0%"
409,"1975-2025",12,0,0,"0%"
410,"1925-1974",5,0,0,"0%"
410,"1975-2025",4,0,0,"0%"
411,"1925-1974",2,0,0,"0%"
411,"1975-2025",NA,NA,NA,"No building data"
412,"1925-1974",NA,NA,NA,"No building data"
412,"1975-2025",NA,NA,NA,"No building data"
423,"1925-1974",NA,NA,NA,"No building data"
423,"1975-2025",NA,NA,NA,"No building data"
424,"1925-1974",NA,NA,NA,"No building data"
424,"1975-2025",NA,NA,NA,"No building data"
425,"1925-1974",NA,NA,NA,"No building data"
425,"1975-2025",NA,NA,NA,"No building data"
426,"1925-1974",5,0,0,"0%"
426,"1975-2025",NA,NA,NA,"No building data"
427,"1925-1974",NA,NA,NA,"No building data"
427,"1975-2025",NA,NA,NA,"No building data"
428,"1925-1974",3,0,0,"0%"
428,"1975-2025",12,0,0,"0%"
429,"1925-1974",1,0,0,"0%"
429,"1975-2025",NA,NA,NA,"No building data"
430,"1925-1974",61,0,0,"0%"
430,"1975-2025",84,0,0,"0%"
431,"1925-1974",2,0,0,"0%"
431,"1975-2025",3,0,0,"0%"
432,"1925-1974",1,0,0,"0%"
432,"1975-2025",1,0,0,"0%"
442,"1925-1974",NA,NA,NA,"No building data"
442,"1975-2025",NA,NA,NA,"No building data"
443,"1925-1974",NA,NA,NA,"No building data"
443,"1975-2025",1,0,0,"0%"
444,"1925-1974",1,0,0,"0%"
444,"1975-2025",2,0,0,"0%"
445,"1925-1974",1,0,0,"0%"
445,"1975-2025",NA,NA,NA,"No building data"
446,"1925-1974",1,0,0,"0%"
446,"1975-2025",1,0,0,"0%"
447,"1925-1974",2,0,0,"0%"
447,"1975-2025",6,0,0,"0%"
448,"1925-1974",40,0,0,"0%"
448,"1975-2025",8,0,0,"0%"
449,"1925-1974",NA,NA,NA,"No building data"
449,"1975-2025",NA,NA,NA,"No building data"
450,"1925-1974",49,0,0,"0%"
450,"1975-2025",6,0,0,"0%"
451,"1925-1974",NA,NA,NA,"No building data"
451,"1975-2025",NA,NA,NA,"No building data"
452,"1925-1974",NA,NA,NA,"No building data"
452,"1975-2025",NA,NA,NA,"No building data"
463,"1925-1974",NA,NA,NA,"No building data"
463,"1975-2025",1,0,0,"0%"
464,"1925-1974",NA,NA,NA,"No building data"
464,"1975-2025",NA,NA,NA,"No building data"
465,"1925-1974",NA,NA,NA,"No building data"
465,"1975-2025",NA,NA,NA,"No building data"
466,"1925-1974",NA,NA,NA,"No building data"
466,"1975-2025",NA,NA,NA,"No building data"
467,"1925-1974",1,0,0,"0%"
467,"1975-2025",2,0,0,"0%"
468,"1925-1974",20,0,0,"0%"
468,"1975-2025",22,0,0,"0%"
469,"1925-1974",NA,NA,NA,"No building data"
469,"1975-2025",NA,NA,NA,"No building data"
470,"1925-1974",164,0,0,"0%"
470,"1975-2025",5,0,0,"0%"
471,"1925-1974",NA,NA,NA,"No building data"
471,"1975-2025",NA,NA,NA,"No building data"
472,"1925-1974",4,0,0,"0%"
472,"1975-2025",NA,NA,NA,"No building data"
473,"1925-1974",NA,NA,NA,"No building data"
473,"1975-2025",NA,NA,NA,"No building data"
483,"1925-1974",1,0,0,"0%"
483,"1975-2025",1,0,0,"0%"
484,"1925-1974",NA,NA,NA,"No building data"
484,"1975-2025",NA,NA,NA,"No building data"
485,"1925-1974",NA,NA,NA,"No building data"
485,"1975-2025",NA,NA,NA,"No building data"
486,"1925-1974",NA,NA,NA,"No building data"
486,"1975-2025",NA,NA,NA,"No building data"
487,"1925-1974",2,0,0,"0%"
487,"1975-2025",NA,NA,NA,"No building data"
488,"1925-1974",NA,NA,NA,"No building data"
488,"1975-2025",13,0,0,"0%"
489,"1925-1974",3,0,0,"0%"
489,"1975-2025",NA,NA,NA,"No building data"
490,"1925-1974",1,0,0,"0%"
490,"1975-2025",1,0,0,"0%"
491,"1925-1974",NA,NA,NA,"No building data"
491,"1975-2025",1,0,0,"0%"
492,"1925-1974",NA,NA,NA,"No building data"
492,"1975-2025",2,0,0,"0%"
493,"1925-1974",NA,NA,NA,"No building data"
493,"1975-2025",NA,NA,NA,"No building data"
503,"1925-1974",1,0,0,"0%"
503,"1975-2025",NA,NA,NA,"No building data"
504,"1925-1974",2,0,0,"0%"
504,"1975-2025",1,0,0,"0%"
505,"1925-1974",NA,NA,NA,"No building data"
505,"1975-2025",NA,NA,NA,"No building data"
506,"1925-1974",4,0,0,"0%"
506,"1975-2025",NA,NA,NA,"No building data"
507,"1925-1974",1,0,0,"0%"
507,"1975-2025",NA,NA,NA,"No building data"
508,"1925-1974",NA,NA,NA,"No building data"
508,"1975-2025",2,0,0,"0%"
509,"1925-1974",NA,NA,NA,"No building data"
509,"1975-2025",3,0,0,"0%"
510,"1925-1974",54,0,0,"0%"
510,"1975-2025",3,0,0,"0%"
511,"1925-1974",2,0,0,"0%"
511,"1975-2025",NA,NA,NA,"No building data"
512,"1925-1974",1,0,0,"0%"
512,"1975-2025",2,0,0,"0%"
513,"1925-1974",NA,NA,NA,"No building data"
513,"1975-2025",NA,NA,NA,"No building data"
523,"1925-1974",2,0,0,"0%"
523,"1975-2025",1,0,0,"0%"
524,"1925-1974",1,0,0,"0%"
524,"1975-2025",NA,NA,NA,"No building data"
525,"1925-1974",4,0,0,"0%"
525,"1975-2025",1,0,0,"0%"
526,"1925-1974",1,0,0,"0%"
526,"1975-2025",NA,NA,NA,"No building data"
527,"1925-1974",NA,NA,NA,"No building data"
527,"1975-2025",1,0,0,"0%"
528,"1925-1974",21,0,0,"0%"
528,"1975-2025",7,0,0,"0%"
529,"1925-1974",NA,NA,NA,"No building data"
529,"1975-2025",NA,NA,NA,"No building data"
530,"1925-1974",1,0,0,"0%"
530,"1975-2025",2,0,0,"0%"
531,"1925-1974",NA,NA,NA,"No building data"
531,"1975-2025",NA,NA,NA,"No building data"
532,"1925-1974",NA,NA,NA,"No building data"
532,"1975-2025",NA,NA,NA,"No building data"
533,"1925-1974",NA,NA,NA,"No building data"
533,"1975-2025",NA,NA,NA,"No building data"
543,"1925-1974",2,0,0,"0%"
543,"1975-2025",NA,NA,NA,"No building data"
544,"1925-1974",1,0,0,"0%"
544,"1975-2025",NA,NA,NA,"No building data"
545,"1925-1974",1,0,0,"0%"
545,"1975-2025",34,0,0,"0%"
546,"1925-1974",NA,NA,NA,"No building data"
546,"1975-2025",NA,NA,NA,"No building data"
547,"1925-1974",NA,NA,NA,"No building data"
547,"1975-2025",1,0,0,"0%"
548,"1925-1974",NA,NA,NA,"No building data"
548,"1975-2025",1,0,0,"0%"
549,"1925-1974",4,0,0,"0%"
549,"1975-2025",2,0,0,"0%"
550,"1925-1974",NA,NA,NA,"No building data"
550,"1975-2025",NA,NA,NA,"No building data"
551,"1925-1974",NA,NA,NA,"No building data"
551,"1975-2025",54,0,0,"0%"
552,"1925-1974",11,0,0,"0%"
552,"1975-2025",NA,NA,NA,"No building data"
553,"1925-1974",NA,NA,NA,"No building data"
553,"1975-2025",1,0,0,"0%"
554,"1925-1974",NA,NA,NA,"No building data"
554,"1975-2025",NA,NA,NA,"No building data"
555,"1925-1974",NA,NA,NA,"No building data"
555,"1975-2025",NA,NA,NA,"No building data"
556,"1925-1974",NA,NA,NA,"No building data"
556,"1975-2025",NA,NA,NA,"No building data"
562,"1925-1974",NA,NA,NA,"No building data"
562,"1975-2025",2,0,0,"0%"
563,"1925-1974",7,0,0,"0%"
563,"1975-2025",1,0,0,"0%"
564,"1925-1974",1,0,0,"0%"
564,"1975-2025",1,0,0,"0%"
565,"1925-1974",3,0,0,"0%"
565,"1975-2025",13,0,0,"0%"
566,"1925-1974",1,0,0,"0%"
566,"1975-2025",1,0,0,"0%"
567,"1925-1974",1,0,0,"0%"
567,"1975-2025",2,0,0,"0%"
568,"1925-1974",6,0,0,"0%"
568,"1975-2025",2,0,0,"0%"
569,"1925-1974",NA,NA,NA,"No building data"
569,"1975-2025",NA,NA,NA,"No building data"
570,"1925-1974",3,0,0,"0%"
570,"1975-2025",31,0,0,"0%"
571,"1925-1974",1,0,0,"0%"
571,"1975-2025",59,0,0,"0%"
572,"1925-1974",1,0,0,"0%"
572,"1975-2025",NA,NA,NA,"No building data"
573,"1925-1974",1,0,0,"0%"
573,"1975-2025",NA,NA,NA,"No building data"
574,"1925-1974",1,0,0,"0%"
574,"1975-2025",NA,NA,NA,"No building data"
575,"1925-1974",NA,NA,NA,"No building data"
575,"1975-2025",NA,NA,NA,"No building data"
576,"1925-1974",NA,NA,NA,"No building data"
576,"1975-2025",NA,NA,NA,"No building data"
583,"1925-1974",NA,NA,NA,"No building data"
583,"1975-2025",NA,NA,NA,"No building data"
584,"1925-1974",1,0,0,"0%"
584,"1975-2025",2,0,0,"0%"
585,"1925-1974",103,0,0,"0%"
585,"1975-2025",61,0,0,"0%"
586,"1925-1974",2,0,0,"0%"
586,"1975-2025",NA,NA,NA,"No building data"
587,"1925-1974",2,0,0,"0%"
587,"1975-2025",NA,NA,NA,"No building data"
588,"1925-1974",NA,NA,NA,"No building data"
588,"1975-2025",1,0,0,"0%"
589,"1925-1974",41,0,0,"0%"
589,"1975-2025",NA,NA,NA,"No building data"
590,"1925-1974",114,35,30.7017543859649,"More than 0%"
590,"1975-2025",15,5,33.3333333333333,"More than 0%"
591,"1925-1974",31,0,0,"0%"
591,"1975-2025",189,0,0,"0%"
592,"1925-1974",1,0,0,"0%"
592,"1975-2025",NA,NA,NA,"No building data"
593,"1925-1974",6,0,0,"0%"
593,"1975-2025",NA,NA,NA,"No building data"
594,"1925-1974",NA,NA,NA,"No building data"
594,"1975-2025",1,0,0,"0%"
595,"1925-1974",6,0,0,"0%"
595,"1975-2025",4,0,0,"0%"
596,"1925-1974",NA,NA,NA,"No building data"
596,"1975-2025",NA,NA,NA,"No building data"
597,"1925-1974",NA,NA,NA,"No building data"
597,"1975-2025",NA,NA,NA,"No building data"
603,"1925-1974",NA,NA,NA,"No building data"
603,"1975-2025",NA,NA,NA,"No building data"
604,"1925-1974",3,0,0,"0%"
604,"1975-2025",NA,NA,NA,"No building data"
605,"1925-1974",2,0,0,"0%"
605,"1975-2025",1,0,0,"0%"
606,"1925-1974",5,0,0,"0%"
606,"1975-2025",2,0,0,"0%"
607,"1925-1974",1,0,0,"0%"
607,"1975-2025",1,0,0,"0%"
608,"1925-1974",161,0,0,"0%"
608,"1975-2025",2,0,0,"0%"
609,"1925-1974",NA,NA,NA,"No building data"
609,"1975-2025",NA,NA,NA,"No building data"
610,"1925-1974",98,12,12.2448979591837,"More than 0%"
610,"1975-2025",50,0,0,"0%"
611,"1925-1974",15,0,0,"0%"
611,"1975-2025",126,0,0,"0%"
612,"1925-1974",6,0,0,"0%"
612,"1975-2025",4,0,0,"0%"
613,"1925-1974",NA,NA,NA,"No building data"
613,"1975-2025",NA,NA,NA,"No building data"
614,"1925-1974",NA,NA,NA,"No building data"
614,"1975-2025",NA,NA,NA,"No building data"
615,"1925-1974",3,0,0,"0%"
615,"1975-2025",1,0,0,"0%"
616,"1925-1974",2,0,0,"0%"
616,"1975-2025",1,0,0,"0%"
617,"1925-1974",NA,NA,NA,"No building data"
617,"1975-2025",NA,NA,NA,"No building data"
624,"1925-1974",1,0,0,"0%"
624,"1975-2025",NA,NA,NA,"No building data"
625,"1925-1974",12,0,0,"0%"
625,"1975-2025",2,0,0,"0%"
626,"1925-1974",26,0,0,"0%"
626,"1975-2025",NA,NA,NA,"No building data"
627,"1925-1974",2,0,0,"0%"
627,"1975-2025",NA,NA,NA,"No building data"
628,"1925-1974",1,0,0,"0%"
628,"1975-2025",1,0,0,"0%"
629,"1925-1974",69,0,0,"0%"
629,"1975-2025",7,3,42.8571428571429,"More than 0%"
630,"1925-1974",27,26,96.2962962962963,"More than 0%"
630,"1975-2025",4,4,100,"More than 0%"
631,"1925-1974",325,0,0,"0%"
631,"1975-2025",14,0,0,"0%"
632,"1925-1974",3,0,0,"0%"
632,"1975-2025",22,0,0,"0%"
633,"1925-1974",1,0,0,"0%"
633,"1975-2025",NA,NA,NA,"No building data"
634,"1925-1974",NA,NA,NA,"No building data"
634,"1975-2025",NA,NA,NA,"No building data"
635,"1925-1974",NA,NA,NA,"No building data"
635,"1975-2025",2,0,0,"0%"
636,"1925-1974",NA,NA,NA,"No building data"
636,"1975-2025",NA,NA,NA,"No building data"
637,"1925-1974",4,0,0,"0%"
637,"1975-2025",1,0,0,"0%"
638,"1925-1974",NA,NA,NA,"No building data"
638,"1975-2025",NA,NA,NA,"No building data"
643,"1925-1974",NA,NA,NA,"No building data"
643,"1975-2025",NA,NA,NA,"No building data"
644,"1925-1974",NA,NA,NA,"No building data"
644,"1975-2025",NA,NA,NA,"No building data"
645,"1925-1974",NA,NA,NA,"No building data"
645,"1975-2025",NA,NA,NA,"No building data"
646,"1925-1974",13,0,0,"0%"
646,"1975-2025",NA,NA,NA,"No building data"
647,"1925-1974",2,0,0,"0%"
647,"1975-2025",1,0,0,"0%"
648,"1925-1974",311,0,0,"0%"
648,"1975-2025",14,0,0,"0%"
649,"1925-1974",8,0,0,"0%"
649,"1975-2025",6,1,16.6666666666667,"More than 0%"
650,"1925-1974",101,20,19.8019801980198,"More than 0%"
650,"1975-2025",19,4,21.0526315789474,"More than 0%"
651,"1925-1974",67,0,0,"0%"
651,"1975-2025",85,0,0,"0%"
652,"1925-1974",9,0,0,"0%"
652,"1975-2025",3,0,0,"0%"
653,"1925-1974",NA,NA,NA,"No building data"
653,"1975-2025",NA,NA,NA,"No building data"
654,"1925-1974",2,0,0,"0%"
654,"1975-2025",1,0,0,"0%"
655,"1925-1974",NA,NA,NA,"No building data"
655,"1975-2025",NA,NA,NA,"No building data"
656,"1925-1974",NA,NA,NA,"No building data"
656,"1975-2025",NA,NA,NA,"No building data"
657,"1925-1974",2,0,0,"0%"
657,"1975-2025",NA,NA,NA,"No building data"
658,"1925-1974",NA,NA,NA,"No building data"
658,"1975-2025",NA,NA,NA,"No building data"
664,"1925-1974",NA,NA,NA,"No building data"
664,"1975-2025",NA,NA,NA,"No building data"
665,"1925-1974",1,0,0,"0%"
665,"1975-2025",2,0,0,"0%"
666,"1925-1974",NA,NA,NA,"No building data"
666,"1975-2025",NA,NA,NA,"No building data"
667,"1925-1974",23,0,0,"0%"
667,"1975-2025",13,0,0,"0%"
668,"1925-1974",75,0,0,"0%"
668,"1975-2025",22,0,0,"0%"
669,"1925-1974",152,0,0,"0%"
669,"1975-2025",10,0,0,"0%"
670,"1925-1974",15,4,26.6666666666667,"More than 0%"
670,"1975-2025",21,14,66.6666666666667,"More than 0%"
671,"1925-1974",209,0,0,"0%"
671,"1975-2025",37,0,0,"0%"
672,"1925-1974",6,0,0,"0%"
672,"1975-2025",NA,NA,NA,"No building data"
673,"1925-1974",1,0,0,"0%"
673,"1975-2025",3,0,0,"0%"
674,"1925-1974",NA,NA,NA,"No building data"
674,"1975-2025",NA,NA,NA,"No building data"
675,"1925-1974",NA,NA,NA,"No building data"
675,"1975-2025",NA,NA,NA,"No building data"
676,"1925-1974",NA,NA,NA,"No building data"
676,"1975-2025",NA,NA,NA,"No building data"
677,"1925-1974",6,0,0,"0%"
677,"1975-2025",6,0,0,"0%"
678,"1925-1974",NA,NA,NA,"No building data"
678,"1975-2025",NA,NA,NA,"No building data"
679,"1925-1974",NA,NA,NA,"No building data"
679,"1975-2025",NA,NA,NA,"No building data"
684,"1925-1974",NA,NA,NA,"No building data"
684,"1975-2025",1,0,0,"0%"
685,"1925-1974",NA,NA,NA,"No building data"
685,"1975-2025",NA,NA,NA,"No building data"
686,"1925-1974",NA,NA,NA,"No building data"
686,"1975-2025",7,0,0,"0%"
687,"1925-1974",169,0,0,"0%"
687,"1975-2025",27,0,0,"0%"
688,"1925-1974",99,0,0,"0%"
688,"1975-2025",4,0,0,"0%"
689,"1925-1974",23,4,17.3913043478261,"More than 0%"
689,"1975-2025",18,10,55.5555555555556,"More than 0%"
690,"1925-1974",150,2,1.33333333333333,"More than 0%"
690,"1975-2025",44,0,0,"0%"
691,"1925-1974",98,0,0,"0%"
691,"1975-2025",16,0,0,"0%"
692,"1925-1974",76,0,0,"0%"
692,"1975-2025",9,0,0,"0%"
693,"1925-1974",55,0,0,"0%"
693,"1975-2025",4,0,0,"0%"
694,"1925-1974",11,0,0,"0%"
694,"1975-2025",3,0,0,"0%"
695,"1925-1974",NA,NA,NA,"No building data"
695,"1975-2025",1,0,0,"0%"
696,"1925-1974",3,0,0,"0%"
696,"1975-2025",1,0,0,"0%"
697,"1925-1974",NA,NA,NA,"No building data"
697,"1975-2025",NA,NA,NA,"No building data"
698,"1925-1974",NA,NA,NA,"No building data"
698,"1975-2025",NA,NA,NA,"No building data"
699,"1925-1974",NA,NA,NA,"No building data"
699,"1975-2025",NA,NA,NA,"No building data"
704,"1925-1974",NA,NA,NA,"No building data"
704,"1975-2025",NA,NA,NA,"No building data"
705,"1925-1974",NA,NA,NA,"No building data"
705,"1975-2025",NA,NA,NA,"No building data"
706,"1925-1974",1,0,0,"0%"
706,"1975-2025",4,0,0,"0%"
707,"1925-1974",4,0,0,"0%"
707,"1975-2025",34,0,0,"0%"
708,"1925-1974",2,0,0,"0%"
708,"1975-2025",NA,NA,NA,"No building data"
709,"1925-1974",93,0,0,"0%"
709,"1975-2025",4,0,0,"0%"
710,"1925-1974",56,2,3.57142857142857,"More than 0%"
710,"1975-2025",35,0,0,"0%"
711,"1925-1974",71,0,0,"0%"
711,"1975-2025",21,0,0,"0%"
712,"1925-1974",62,0,0,"0%"
712,"1975-2025",17,0,0,"0%"
713,"1925-1974",24,0,0,"0%"
713,"1975-2025",5,0,0,"0%"
714,"1925-1974",8,0,0,"0%"
714,"1975-2025",NA,NA,NA,"No building data"
715,"1925-1974",1,0,0,"0%"
715,"1975-2025",50,0,0,"0%"
716,"1925-1974",3,0,0,"0%"
716,"1975-2025",NA,NA,NA,"No building data"
717,"1925-1974",NA,NA,NA,"No building data"
717,"1975-2025",1,0,0,"0%"
718,"1925-1974",NA,NA,NA,"No building data"
718,"1975-2025",NA,NA,NA,"No building data"
719,"1925-1974",NA,NA,NA,"No building data"
719,"1975-2025",NA,NA,NA,"No building data"
720,"1925-1974",NA,NA,NA,"No building data"
720,"1975-2025",NA,NA,NA,"No building data"
724,"1925-1974",3,0,0,"0%"
724,"1975-2025",1,0,0,"0%"
725,"1925-1974",NA,NA,NA,"No building data"
725,"1975-2025",NA,NA,NA,"No building data"
726,"1925-1974",1,0,0,"0%"
726,"1975-2025",179,0,0,"0%"
727,"1925-1974",NA,NA,NA,"No building data"
727,"1975-2025",16,0,0,"0%"
728,"1925-1974",149,0,0,"0%"
728,"1975-2025",15,0,0,"0%"
729,"1925-1974",6,4,66.6666666666667,"More than 0%"
729,"1975-2025",16,3,18.75,"More than 0%"
730,"1925-1974",21,0,0,"0%"
730,"1975-2025",21,0,0,"0%"
731,"1925-1974",NA,NA,NA,"No building data"
731,"1975-2025",59,0,0,"0%"
732,"1925-1974",NA,NA,NA,"No building data"
732,"1975-2025",NA,NA,NA,"No building data"
733,"1925-1974",19,0,0,"0%"
733,"1975-2025",4,0,0,"0%"
734,"1925-1974",60,0,0,"0%"
734,"1975-2025",57,0,0,"0%"
735,"1925-1974",2,0,0,"0%"
735,"1975-2025",16,0,0,"0%"
736,"1925-1974",NA,NA,NA,"No building data"
736,"1975-2025",NA,NA,NA,"No building data"
737,"1925-1974",NA,NA,NA,"No building data"
737,"1975-2025",NA,NA,NA,"No building data"
738,"1925-1974",NA,NA,NA,"No building data"
738,"1975-2025",NA,NA,NA,"No building data"
739,"1925-1974",NA,NA,NA,"No building data"
739,"1975-2025",NA,NA,NA,"No building data"
744,"1925-1974",NA,NA,NA,"No building data"
744,"1975-2025",NA,NA,NA,"No building data"
745,"1925-1974",NA,NA,NA,"No building data"
745,"1975-2025",2,0,0,"0%"
746,"1925-1974",NA,NA,NA,"No building data"
746,"1975-2025",NA,NA,NA,"No building data"
747,"1925-1974",2,0,0,"0%"
747,"1975-2025",140,0,0,"0%"
748,"1925-1974",20,0,0,"0%"
748,"1975-2025",96,0,0,"0%"
749,"1925-1974",80,0,0,"0%"
749,"1975-2025",26,0,0,"0%"
750,"1925-1974",87,5,5.74712643678161,"More than 0%"
750,"1975-2025",15,2,13.3333333333333,"More than 0%"
751,"1925-1974",NA,NA,NA,"No building data"
751,"1975-2025",127,0,0,"0%"
752,"1925-1974",NA,NA,NA,"No building data"
752,"1975-2025",75,0,0,"0%"
753,"1925-1974",6,0,0,"0%"
753,"1975-2025",1,0,0,"0%"
754,"1925-1974",NA,NA,NA,"No building data"
754,"1975-2025",3,0,0,"0%"
755,"1925-1974",76,0,0,"0%"
755,"1975-2025",66,0,0,"0%"
756,"1925-1974",NA,NA,NA,"No building data"
756,"1975-2025",NA,NA,NA,"No building data"
757,"1925-1974",NA,NA,NA,"No building data"
757,"1975-2025",NA,NA,NA,"No building data"
758,"1925-1974",NA,NA,NA,"No building data"
758,"1975-2025",NA,NA,NA,"No building data"
759,"1925-1974",NA,NA,NA,"No building data"
759,"1975-2025",NA,NA,NA,"No building data"
760,"1925-1974",NA,NA,NA,"No building data"
760,"1975-2025",NA,NA,NA,"No building data"
764,"1925-1974",NA,NA,NA,"No building data"
764,"1975-2025",2,0,0,"0%"
765,"1925-1974",NA,NA,NA,"No building data"
765,"1975-2025",NA,NA,NA,"No building data"
766,"1925-1974",NA,NA,NA,"No building data"
766,"1975-2025",NA,NA,NA,"No building data"
767,"1925-1974",127,0,0,"0%"
767,"1975-2025",151,0,0,"0%"
768,"1925-1974",282,0,0,"0%"
768,"1975-2025",51,0,0,"0%"
769,"1925-1974",NA,NA,NA,"No building data"
769,"1975-2025",9,4,44.4444444444444,"More than 0%"
770,"1925-1974",81,0,0,"0%"
770,"1975-2025",48,0,0,"0%"
771,"1925-1974",NA,NA,NA,"No building data"
771,"1975-2025",115,0,0,"0%"
772,"1925-1974",NA,NA,NA,"No building data"
772,"1975-2025",NA,NA,NA,"No building data"
773,"1925-1974",3,0,0,"0%"
773,"1975-2025",NA,NA,NA,"No building data"
774,"1925-1974",2,0,0,"0%"
774,"1975-2025",66,0,0,"0%"
775,"1925-1974",NA,NA,NA,"No building data"
775,"1975-2025",NA,NA,NA,"No building data"
776,"1925-1974",NA,NA,NA,"No building data"
776,"1975-2025",NA,NA,NA,"No building data"
777,"1925-1974",NA,NA,NA,"No building data"
777,"1975-2025",NA,NA,NA,"No building data"
778,"1925-1974",NA,NA,NA,"No building data"
778,"1975-2025",NA,NA,NA,"No building data"
779,"1925-1974",NA,NA,NA,"No building data"
779,"1975-2025",NA,NA,NA,"No building data"
784,"1925-1974",NA,NA,NA,"No building data"
784,"1975-2025",NA,NA,NA,"No building data"
785,"1925-1974",NA,NA,NA,"No building data"
785,"1975-2025",NA,NA,NA,"No building data"
786,"1925-1974",NA,NA,NA,"No building data"
786,"1975-2025",NA,NA,NA,"No building data"
787,"1925-1974",68,0,0,"0%"
787,"1975-2025",57,0,0,"0%"
788,"1925-1974",206,0,0,"0%"
788,"1975-2025",34,0,0,"0%"
789,"1925-1974",58,0,0,"0%"
789,"1975-2025",57,31,54.3859649122807,"More than 0%"
790,"1925-1974",10,0,0,"0%"
790,"1975-2025",15,5,33.3333333333333,"More than 0%"
791,"1925-1974",15,0,0,"0%"
791,"1975-2025",15,0,0,"0%"
792,"1925-1974",NA,NA,NA,"No building data"
792,"1975-2025",NA,NA,NA,"No building data"
793,"1925-1974",26,0,0,"0%"
793,"1975-2025",16,0,0,"0%"
794,"1925-1974",NA,NA,NA,"No building data"
794,"1975-2025",4,0,0,"0%"
795,"1925-1974",1,0,0,"0%"
795,"1975-2025",NA,NA,NA,"No building data"
796,"1925-1974",NA,NA,NA,"No building data"
796,"1975-2025",1,0,0,"0%"
797,"1925-1974",NA,NA,NA,"No building data"
797,"1975-2025",NA,NA,NA,"No building data"
798,"1925-1974",NA,NA,NA,"No building data"
798,"1975-2025",NA,NA,NA,"No building data"
799,"1925-1974",NA,NA,NA,"No building data"
799,"1975-2025",NA,NA,NA,"No building data"
800,"1925-1974",NA,NA,NA,"No building data"
800,"1975-2025",NA,NA,NA,"No building data"
803,"1925-1974",NA,NA,NA,"No building data"
803,"1975-2025",NA,NA,NA,"No building data"
804,"1925-1974",NA,NA,NA,"No building data"
804,"1975-2025",NA,NA,NA,"No building data"
805,"1925-1974",2,0,0,"0%"
805,"1975-2025",1,0,0,"0%"
806,"1925-1974",NA,NA,NA,"No building data"
806,"1975-2025",47,0,0,"0%"
807,"1925-1974",70,0,0,"0%"
807,"1975-2025",25,0,0,"0%"
808,"1925-1974",10,0,0,"0%"
808,"1975-2025",95,0,0,"0%"
809,"1925-1974",NA,NA,NA,"No building data"
809,"1975-2025",NA,NA,NA,"No building data"
810,"1925-1974",217,0,0,"0%"
810,"1975-2025",9,0,0,"0%"
811,"1925-1974",13,0,0,"0%"
811,"1975-2025",5,0,0,"0%"
812,"1925-1974",1,0,0,"0%"
812,"1975-2025",NA,NA,NA,"No building data"
813,"1925-1974",NA,NA,NA,"No building data"
813,"1975-2025",NA,NA,NA,"No building data"
814,"1925-1974",NA,NA,NA,"No building data"
814,"1975-2025",1,0,0,"0%"
815,"1925-1974",NA,NA,NA,"No building data"
815,"1975-2025",NA,NA,NA,"No building data"
816,"1925-1974",NA,NA,NA,"No building data"
816,"1975-2025",NA,NA,NA,"No building data"
817,"1925-1974",NA,NA,NA,"No building data"
817,"1975-2025",NA,NA,NA,"No building data"
818,"1925-1974",NA,NA,NA,"No building data"
818,"1975-2025",NA,NA,NA,"No building data"
819,"1925-1974",NA,NA,NA,"No building data"
819,"1975-2025",NA,NA,NA,"No building data"
824,"1925-1974",1,0,0,"0%"
824,"1975-2025",NA,NA,NA,"No building data"
825,"1925-1974",NA,NA,NA,"No building data"
825,"1975-2025",NA,NA,NA,"No building data"
826,"1925-1974",NA,NA,NA,"No building data"
826,"1975-2025",2,0,0,"0%"
827,"1925-1974",27,0,0,"0%"
827,"1975-2025",97,0,0,"0%"
828,"1925-1974",18,0,0,"0%"
828,"1975-2025",30,0,0,"0%"
830,"1925-1974",NA,NA,NA,"No building data"
830,"1975-2025",NA,NA,NA,"No building data"
831,"1925-1974",55,0,0,"0%"
831,"1975-2025",1,0,0,"0%"
832,"1925-1974",NA,NA,NA,"No building data"
832,"1975-2025",NA,NA,NA,"No building data"
833,"1925-1974",NA,NA,NA,"No building data"
833,"1975-2025",1,0,0,"0%"
834,"1925-1974",16,0,0,"0%"
834,"1975-2025",19,0,0,"0%"
835,"1925-1974",NA,NA,NA,"No building data"
835,"1975-2025",2,0,0,"0%"
836,"1925-1974",NA,NA,NA,"No building data"
836,"1975-2025",NA,NA,NA,"No building data"
837,"1925-1974",NA,NA,NA,"No building data"
837,"1975-2025",NA,NA,NA,"No building data"
838,"1925-1974",NA,NA,NA,"No building data"
838,"1975-2025",NA,NA,NA,"No building data"
839,"1925-1974",NA,NA,NA,"No building data"
839,"1975-2025",NA,NA,NA,"No building data"
843,"1925-1974",1,0,0,"0%"
843,"1975-2025",NA,NA,NA,"No building data"
844,"1925-1974",2,0,0,"0%"
844,"1975-2025",NA,NA,NA,"No building data"
845,"1925-1974",7,0,0,"0%"
845,"1975-2025",3,0,0,"0%"
846,"1925-1974",20,0,0,"0%"
846,"1975-2025",126,0,0,"0%"
847,"1925-1974",1,0,0,"0%"
847,"1975-2025",3,0,0,"0%"
848,"1925-1974",1,0,0,"0%"
848,"1975-2025",1,0,0,"0%"
849,"1925-1974",NA,NA,NA,"No building data"
849,"1975-2025",NA,NA,NA,"No building data"
850,"1925-1974",174,0,0,"0%"
850,"1975-2025",54,0,0,"0%"
851,"1925-1974",NA,NA,NA,"No building data"
851,"1975-2025",NA,NA,NA,"No building data"
852,"1925-1974",NA,NA,NA,"No building data"
852,"1975-2025",NA,NA,NA,"No building data"
853,"1925-1974",NA,NA,NA,"No building data"
853,"1975-2025",NA,NA,NA,"No building data"
854,"1925-1974",NA,NA,NA,"No building data"
854,"1975-2025",1,0,0,"0%"
855,"1925-1974",2,0,0,"0%"
855,"1975-2025",NA,NA,NA,"No building data"
856,"1925-1974",NA,NA,NA,"No building data"
856,"1975-2025",NA,NA,NA,"No building data"
857,"1925-1974",NA,NA,NA,"No building data"
857,"1975-2025",NA,NA,NA,"No building data"
858,"1925-1974",NA,NA,NA,"No building data"
858,"1975-2025",NA,NA,NA,"No building data"
859,"1925-1974",NA,NA,NA,"No building data"
859,"1975-2025",NA,NA,NA,"No building data"
863,"1925-1974",NA,NA,NA,"No building data"
863,"1975-2025",NA,NA,NA,"No building data"
864,"1925-1974",NA,NA,NA,"No building data"
864,"1975-2025",1,0,0,"0%"
865,"1925-1974",2,0,0,"0%"
865,"1975-2025",NA,NA,NA,"No building data"
866,"1925-1974",1,0,0,"0%"
866,"1975-2025",54,0,0,"0%"
867,"1925-1974",NA,NA,NA,"No building data"
867,"1975-2025",1,0,0,"0%"
868,"1925-1974",1,0,0,"0%"
868,"1975-2025",3,0,0,"0%"
870,"1925-1974",1,0,0,"0%"
870,"1975-2025",1,0,0,"0%"
871,"1925-1974",40,0,0,"0%"
871,"1975-2025",49,0,0,"0%"
872,"1925-1974",NA,NA,NA,"No building data"
872,"1975-2025",NA,NA,NA,"No building data"
873,"1925-1974",NA,NA,NA,"No building data"
873,"1975-2025",NA,NA,NA,"No building data"
874,"1925-1974",2,0,0,"0%"
874,"1975-2025",NA,NA,NA,"No building data"
875,"1925-1974",1,0,0,"0%"
875,"1975-2025",NA,NA,NA,"No building data"
876,"1925-1974",NA,NA,NA,"No building data"
876,"1975-2025",NA,NA,NA,"No building data"
877,"1925-1974",NA,NA,NA,"No building data"
877,"1975-2025",NA,NA,NA,"No building data"
878,"1925-1974",NA,NA,NA,"No building data"
878,"1975-2025",NA,NA,NA,"No building data"
879,"1925-1974",NA,NA,NA,"No building data"
879,"1975-2025",NA,NA,NA,"No building data"
883,"1925-1974",NA,NA,NA,"No building data"
883,"1975-2025",NA,NA,NA,"No building data"
884,"1925-1974",1,0,0,"0%"
884,"1975-2025",NA,NA,NA,"No building data"
885,"1925-1974",1,0,0,"0%"
885,"1975-2025",NA,NA,NA,"No building data"
886,"1925-1974",2,0,0,"0%"
886,"1975-2025",47,0,0,"0%"
887,"1925-1974",NA,NA,NA,"No building data"
887,"1975-2025",1,0,0,"0%"
888,"1925-1974",NA,NA,NA,"No building data"
888,"1975-2025",NA,NA,NA,"No building data"
889,"1925-1974",13,0,0,"0%"
889,"1975-2025",7,0,0,"0%"
890,"1925-1974",19,0,0,"0%"
890,"1975-2025",35,0,0,"0%"
891,"1925-1974",1,0,0,"0%"
891,"1975-2025",2,0,0,"0%"
892,"1925-1974",NA,NA,NA,"No building data"
892,"1975-2025",NA,NA,NA,"No building data"
893,"1925-1974",NA,NA,NA,"No building data"
893,"1975-2025",NA,NA,NA,"No building data"
894,"1925-1974",NA,NA,NA,"No building data"
894,"1975-2025",NA,NA,NA,"No building data"
895,"1925-1974",1,0,0,"0%"
895,"1975-2025",2,0,0,"0%"
896,"1925-1974",NA,NA,NA,"No building data"
896,"1975-2025",NA,NA,NA,"No building data"
897,"1925-1974",NA,NA,NA,"No building data"
897,"1975-2025",NA,NA,NA,"No building data"
898,"1925-1974",NA,NA,NA,"No building data"
898,"1975-2025",NA,NA,NA,"No building data"
899,"1925-1974",NA,NA,NA,"No building data"
899,"1975-2025",NA,NA,NA,"No building data"
903,"1925-1974",NA,NA,NA,"No building data"
903,"1975-2025",NA,NA,NA,"No building data"
904,"1925-1974",NA,NA,NA,"No building data"
904,"1975-2025",NA,NA,NA,"No building data"
905,"1925-1974",2,0,0,"0%"
905,"1975-2025",3,0,0,"0%"
906,"1925-1974",2,0,0,"0%"
906,"1975-2025",NA,NA,NA,"No building data"
907,"1925-1974",NA,NA,NA,"No building data"
907,"1975-2025",NA,NA,NA,"No building data"
908,"1925-1974",3,0,0,"0%"
908,"1975-2025",3,0,0,"0%"
910,"1925-1974",160,0,0,"0%"
910,"1975-2025",53,0,0,"0%"
911,"1925-1974",5,0,0,"0%"
911,"1975-2025",33,0,0,"0%"
912,"1925-1974",NA,NA,NA,"No building data"
912,"1975-2025",NA,NA,NA,"No building data"
913,"1925-1974",NA,NA,NA,"No building data"
913,"1975-2025",NA,NA,NA,"No building data"
914,"1925-1974",1,0,0,"0%"
914,"1975-2025",NA,NA,NA,"No building data"
915,"1925-1974",NA,NA,NA,"No building data"
915,"1975-2025",NA,NA,NA,"No building data"
916,"1925-1974",NA,NA,NA,"No building data"
916,"1975-2025",2,0,0,"0%"
917,"1925-1974",NA,NA,NA,"No building data"
917,"1975-2025",NA,NA,NA,"No building data"
918,"1925-1974",NA,NA,NA,"No building data"
918,"1975-2025",NA,NA,NA,"No building data"
919,"1925-1974",NA,NA,NA,"No building data"
919,"1975-2025",NA,NA,NA,"No building data"
923,"1925-1974",84,0,0,"0%"
923,"1975-2025",13,0,0,"0%"
924,"1925-1974",3,0,0,"0%"
924,"1975-2025",NA,NA,NA,"No building data"
925,"1925-1974",NA,NA,NA,"No building data"
925,"1975-2025",NA,NA,NA,"No building data"
926,"1925-1974",NA,NA,NA,"No building data"
926,"1975-2025",NA,NA,NA,"No building data"
927,"1925-1974",NA,NA,NA,"No building data"
927,"1975-2025",NA,NA,NA,"No building data"
928,"1925-1974",NA,NA,NA,"No building data"
928,"1975-2025",NA,NA,NA,"No building data"
929,"1925-1974",10,0,0,"0%"
929,"1975-2025",27,4,14.8148148148148,"More than 0%"
930,"1925-1974",177,0,0,"0%"
930,"1975-2025",6,0,0,"0%"
931,"1925-1974",2,0,0,"0%"
931,"1975-2025",28,0,0,"0%"
932,"1925-1974",NA,NA,NA,"No building data"
932,"1975-2025",NA,NA,NA,"No building data"
933,"1925-1974",NA,NA,NA,"No building data"
933,"1975-2025",NA,NA,NA,"No building data"
934,"1925-1974",NA,NA,NA,"No building data"
934,"1975-2025",NA,NA,NA,"No building data"
935,"1925-1974",NA,NA,NA,"No building data"
935,"1975-2025",1,0,0,"0%"
936,"1925-1974",NA,NA,NA,"No building data"
936,"1975-2025",NA,NA,NA,"No building data"
937,"1925-1974",NA,NA,NA,"No building data"
937,"1975-2025",NA,NA,NA,"No building data"
938,"1925-1974",NA,NA,NA,"No building data"
938,"1975-2025",NA,NA,NA,"No building data"
939,"1925-1974",NA,NA,NA,"No building data"
939,"1975-2025",NA,NA,NA,"No building data"
943,"1925-1974",8,0,0,"0%"
943,"1975-2025",9,0,0,"0%"
944,"1925-1974",2,0,0,"0%"
944,"1975-2025",NA,NA,NA,"No building data"
945,"1925-1974",NA,NA,NA,"No building data"
945,"1975-2025",NA,NA,NA,"No building data"
946,"1925-1974",NA,NA,NA,"No building data"
946,"1975-2025",NA,NA,NA,"No building data"
947,"1925-1974",NA,NA,NA,"No building data"
947,"1975-2025",NA,NA,NA,"No building data"
948,"1925-1974",1,0,0,"0%"
948,"1975-2025",4,0,0,"0%"
950,"1925-1974",66,2,3.03030303030303,"More than 0%"
950,"1975-2025",67,2,2.98507462686567,"More than 0%"
951,"1925-1974",107,0,0,"0%"
951,"1975-2025",205,0,0,"0%"
952,"1925-1974",4,0,0,"0%"
952,"1975-2025",13,0,0,"0%"
953,"1925-1974",NA,NA,NA,"No building data"
953,"1975-2025",NA,NA,NA,"No building data"
954,"1925-1974",NA,NA,NA,"No building data"
954,"1975-2025",NA,NA,NA,"No building data"
956,"1925-1974",NA,NA,NA,"No building data"
956,"1975-2025",NA,NA,NA,"No building data"
957,"1925-1974",NA,NA,NA,"No building data"
957,"1975-2025",NA,NA,NA,"No building data"
958,"1925-1974",NA,NA,NA,"No building data"
958,"1975-2025",NA,NA,NA,"No building data"
959,"1925-1974",NA,NA,NA,"No building data"
959,"1975-2025",NA,NA,NA,"No building data"
963,"1925-1974",62,0,0,"0%"
963,"1975-2025",11,0,0,"0%"
964,"1925-1974",NA,NA,NA,"No building data"
964,"1975-2025",1,0,0,"0%"
965,"1925-1974",NA,NA,NA,"No building data"
965,"1975-2025",NA,NA,NA,"No building data"
966,"1925-1974",NA,NA,NA,"No building data"
966,"1975-2025",NA,NA,NA,"No building data"
967,"1925-1974",NA,NA,NA,"No building data"
967,"1975-2025",NA,NA,NA,"No building data"
968,"1925-1974",1,0,0,"0%"
968,"1975-2025",1,0,0,"0%"
969,"1925-1974",24,1,4.16666666666667,"More than 0%"
969,"1975-2025",21,1,4.76190476190476,"More than 0%"
970,"1925-1974",42,0,0,"0%"
970,"1975-2025",52,0,0,"0%"
971,"1925-1974",1,0,0,"0%"
971,"1975-2025",228,0,0,"0%"
972,"1925-1974",1,0,0,"0%"
972,"1975-2025",NA,NA,NA,"No building data"
973,"1925-1974",NA,NA,NA,"No building data"
973,"1975-2025",NA,NA,NA,"No building data"
976,"1925-1974",NA,NA,NA,"No building data"
976,"1975-2025",NA,NA,NA,"No building data"
977,"1925-1974",NA,NA,NA,"No building data"
977,"1975-2025",NA,NA,NA,"No building data"
983,"1925-1974",1,0,0,"0%"
983,"1975-2025",1,0,0,"0%"
984,"1925-1974",1,0,0,"0%"
984,"1975-2025",NA,NA,NA,"No building data"
985,"1925-1974",NA,NA,NA,"No building data"
985,"1975-2025",NA,NA,NA,"No building data"
986,"1925-1974",1,0,0,"0%"
986,"1975-2025",3,0,0,"0%"
987,"1925-1974",1,0,0,"0%"
987,"1975-2025",NA,NA,NA,"No building data"
988,"1925-1974",1,0,0,"0%"
988,"1975-2025",NA,NA,NA,"No building data"
990,"1925-1974",145,0,0,"0%"
990,"1975-2025",109,0,0,"0%"
991,"1925-1974",4,0,0,"0%"
991,"1975-2025",242,0,0,"0%"
992,"1925-1974",NA,NA,NA,"No building data"
992,"1975-2025",145,0,0,"0%"
993,"1925-1974",NA,NA,NA,"No building data"
993,"1975-2025",NA,NA,NA,"No building data"
994,"1925-1974",NA,NA,NA,"No building data"
994,"1975-2025",NA,NA,NA,"No building data"
997,"1925-1974",NA,NA,NA,"No building data"
997,"1975-2025",NA,NA,NA,"No building data"
998,"1925-1974",NA,NA,NA,"No building data"
998,"1975-2025",NA,NA,NA,"No building data"
1002,"1925-1974",1,0,0,"0%"
1002,"1975-2025",NA,NA,NA,"No building data"
1003,"1925-1974",1,0,0,"0%"
1003,"1975-2025",1,0,0,"0%"
1004,"1925-1974",NA,NA,NA,"No building data"
1004,"1975-2025",NA,NA,NA,"No building data"
1005,"1925-1974",NA,NA,NA,"No building data"
1005,"1975-2025",NA,NA,NA,"No building data"
1006,"1925-1974",1,0,0,"0%"
1006,"1975-2025",1,0,0,"0%"
1007,"1925-1974",1,0,0,"0%"
1007,"1975-2025",1,0,0,"0%"
1008,"1925-1974",NA,NA,NA,"No building data"
1008,"1975-2025",NA,NA,NA,"No building data"
1009,"1925-1974",NA,NA,NA,"No building data"
1009,"1975-2025",NA,NA,NA,"No building data"
1010,"1925-1974",NA,NA,NA,"No building data"
1010,"1975-2025",219,0,0,"0%"
1011,"1925-1974",NA,NA,NA,"No building data"
1011,"1975-2025",208,0,0,"0%"
1012,"1925-1974",NA,NA,NA,"No building data"
1012,"1975-2025",12,0,0,"0%"
1013,"1925-1974",NA,NA,NA,"No building data"
1013,"1975-2025",NA,NA,NA,"No building data"
1014,"1925-1974",NA,NA,NA,"No building data"
1014,"1975-2025",NA,NA,NA,"No building data"
1017,"1925-1974",NA,NA,NA,"No building data"
1017,"1975-2025",NA,NA,NA,"No building data"
1022,"1925-1974",NA,NA,NA,"No building data"
1022,"1975-2025",NA,NA,NA,"No building data"
1023,"1925-1974",1,0,0,"0%"
1023,"1975-2025",1,0,0,"0%"
1024,"1925-1974",NA,NA,NA,"No building data"
1024,"1975-2025",NA,NA,NA,"No building data"
1025,"1925-1974",NA,NA,NA,"No building data"
1025,"1975-2025",NA,NA,NA,"No building data"
1026,"1925-1974",13,0,0,"0%"
1026,"1975-2025",22,0,0,"0%"
1027,"1925-1974",3,0,0,"0%"
1027,"1975-2025",1,0,0,"0%"
1028,"1925-1974",NA,NA,NA,"No building data"
1028,"1975-2025",NA,NA,NA,"No building data"
1030,"1925-1974",44,0,0,"0%"
1030,"1975-2025",78,1,1.28205128205128,"More than 0%"
1031,"1925-1974",NA,NA,NA,"No building data"
1031,"1975-2025",23,0,0,"0%"
1032,"1925-1974",NA,NA,NA,"No building data"
1032,"1975-2025",130,0,0,"0%"
1033,"1925-1974",2,0,0,"0%"
1033,"1975-2025",2,0,0,"0%"
1034,"1925-1974",NA,NA,NA,"No building data"
1034,"1975-2025",NA,NA,NA,"No building data"
1042,"1925-1974",NA,NA,NA,"No building data"
1042,"1975-2025",NA,NA,NA,"No building data"
1043,"1925-1974",NA,NA,NA,"No building data"
1043,"1975-2025",11,0,0,"0%"
1044,"1925-1974",NA,NA,NA,"No building data"
1044,"1975-2025",NA,NA,NA,"No building data"
1045,"1925-1974",4,0,0,"0%"
1045,"1975-2025",21,0,0,"0%"
1046,"1925-1974",12,0,0,"0%"
1046,"1975-2025",17,0,0,"0%"
1047,"1925-1974",NA,NA,NA,"No building data"
1047,"1975-2025",NA,NA,NA,"No building data"
1048,"1925-1974",1,0,0,"0%"
1048,"1975-2025",NA,NA,NA,"No building data"
1050,"1925-1974",NA,NA,NA,"No building data"
1050,"1975-2025",NA,NA,NA,"No building data"
1051,"1925-1974",NA,NA,NA,"No building data"
1051,"1975-2025",64,0,0,"0%"
1052,"1925-1974",NA,NA,NA,"No building data"
1052,"1975-2025",54,0,0,"0%"
1053,"1925-1974",1,0,0,"0%"
1053,"1975-2025",2,0,0,"0%"
1054,"1925-1974",NA,NA,NA,"No building data"
1054,"1975-2025",1,0,0,"0%"
1062,"1925-1974",4,0,0,"0%"
1062,"1975-2025",NA,NA,NA,"No building data"
1063,"1925-1974",1,0,0,"0%"
1063,"1975-2025",7,0,0,"0%"
1064,"1925-1974",NA,NA,NA,"No building data"
1064,"1975-2025",61,0,0,"0%"
1065,"1925-1974",NA,NA,NA,"No building data"
1065,"1975-2025",NA,NA,NA,"No building data"
1066,"1925-1974",3,0,0,"0%"
1066,"1975-2025",26,0,0,"0%"
1067,"1925-1974",5,0,0,"0%"
1067,"1975-2025",NA,NA,NA,"No building data"
1068,"1925-1974",NA,NA,NA,"No building data"
1068,"1975-2025",NA,NA,NA,"No building data"
1070,"1925-1974",NA,NA,NA,"No building data"
1070,"1975-2025",NA,NA,NA,"No building data"
1071,"1925-1974",NA,NA,NA,"No building data"
1071,"1975-2025",NA,NA,NA,"No building data"
1072,"1925-1974",NA,NA,NA,"No building data"
1072,"1975-2025",97,0,0,"0%"
1073,"1925-1974",8,0,0,"0%"
1073,"1975-2025",11,0,0,"0%"
1074,"1925-1974",NA,NA,NA,"No building data"
1074,"1975-2025",1,0,0,"0%"
1082,"1925-1974",NA,NA,NA,"No building data"
1082,"1975-2025",3,0,0,"0%"
1083,"1925-1974",NA,NA,NA,"No building data"
1083,"1975-2025",177,0,0,"0%"
1084,"1925-1974",5,0,0,"0%"
1084,"1975-2025",4,0,0,"0%"
1085,"1925-1974",NA,NA,NA,"No building data"
1085,"1975-2025",NA,NA,NA,"No building data"
1086,"1925-1974",1,0,0,"0%"
1086,"1975-2025",NA,NA,NA,"No building data"
1087,"1925-1974",NA,NA,NA,"No building data"
1087,"1975-2025",1,0,0,"0%"
1088,"1925-1974",NA,NA,NA,"No building data"
1088,"1975-2025",NA,NA,NA,"No building data"
1090,"1925-1974",NA,NA,NA,"No building data"
1090,"1975-2025",1,0,0,"0%"
1091,"1925-1974",NA,NA,NA,"No building data"
1091,"1975-2025",22,0,0,"0%"
1092,"1925-1974",NA,NA,NA,"No building data"
1092,"1975-2025",1,0,0,"0%"
1093,"1925-1974",72,0,0,"0%"
1093,"1975-2025",54,0,0,"0%"
1094,"1925-1974",NA,NA,NA,"No building data"
1094,"1975-2025",NA,NA,NA,"No building data"
1102,"1925-1974",1,0,0,"0%"
1102,"1975-2025",NA,NA,NA,"No building data"
1103,"1925-1974",17,0,0,"0%"
1103,"1975-2025",59,0,0,"0%"
1104,"1925-1974",49,0,0,"0%"
1104,"1975-2025",68,0,0,"0%"
1105,"1925-1974",1,0,0,"0%"
1105,"1975-2025",1,0,0,"0%"
1106,"1925-1974",3,0,0,"0%"
1106,"1975-2025",NA,NA,NA,"No building data"
1107,"1925-1974",1,0,0,"0%"
1107,"1975-2025",NA,NA,NA,"No building data"
1108,"1925-1974",NA,NA,NA,"No building data"
1108,"1975-2025",NA,NA,NA,"No building data"
1110,"1925-1974",NA,NA,NA,"No building data"
1110,"1975-2025",NA,NA,NA,"No building data"
1111,"1925-1974",NA,NA,NA,"No building data"
1111,"1975-2025",NA,NA,NA,"No building data"
1112,"1925-1974",NA,NA,NA,"No building data"
1112,"1975-2025",7,0,0,"0%"
1113,"1925-1974",NA,NA,NA,"No building data"
1113,"1975-2025",38,0,0,"0%"
1114,"1925-1974",NA,NA,NA,"No building data"
1114,"1975-2025",1,0,0,"0%"
1121,"1925-1974",NA,NA,NA,"No building data"
1121,"1975-2025",NA,NA,NA,"No building data"
1122,"1925-1974",1,0,0,"0%"
1122,"1975-2025",112,0,0,"0%"
1123,"1925-1974",143,0,0,"0%"
1123,"1975-2025",87,0,0,"0%"
1124,"1925-1974",76,0,0,"0%"
1124,"1975-2025",13,0,0,"0%"
1125,"1925-1974",NA,NA,NA,"No building data"
1125,"1975-2025",1,0,0,"0%"
1126,"1925-1974",NA,NA,NA,"No building data"
1126,"1975-2025",NA,NA,NA,"No building data"
1127,"1925-1974",NA,NA,NA,"No building data"
1127,"1975-2025",NA,NA,NA,"No building data"
1128,"1925-1974",NA,NA,NA,"No building data"
1128,"1975-2025",NA,NA,NA,"No building data"
1130,"1925-1974",NA,NA,NA,"No building data"
1130,"1975-2025",NA,NA,NA,"No building data"
1131,"1925-1974",NA,NA,NA,"No building data"
1131,"1975-2025",2,0,0,"0%"
1132,"1925-1974",1,0,0,"0%"
1132,"1975-2025",4,0,0,"0%"
1133,"1925-1974",4,0,0,"0%"
1133,"1975-2025",3,0,0,"0%"
1134,"1925-1974",NA,NA,NA,"No building data"
1134,"1975-2025",NA,NA,NA,"No building data"
1142,"1925-1974",NA,NA,NA,"No building data"
1142,"1975-2025",4,0,0,"0%"
1143,"1925-1974",2,0,0,"0%"
1143,"1975-2025",200,0,0,"0%"
1144,"1925-1974",153,0,0,"0%"
1144,"1975-2025",11,0,0,"0%"
1145,"1925-1974",1,0,0,"0%"
1145,"1975-2025",1,0,0,"0%"
1146,"1925-1974",33,0,0,"0%"
1146,"1975-2025",9,0,0,"0%"
1147,"1925-1974",1,0,0,"0%"
1147,"1975-2025",8,0,0,"0%"
1148,"1925-1974",2,0,0,"0%"
1148,"1975-2025",NA,NA,NA,"No building data"
1150,"1925-1974",NA,NA,NA,"No building data"
1150,"1975-2025",1,0,0,"0%"
1151,"1925-1974",NA,NA,NA,"No building data"
1151,"1975-2025",1,0,0,"0%"
1152,"1925-1974",26,0,0,"0%"
1152,"1975-2025",4,0,0,"0%"
1153,"1925-1974",6,0,0,"0%"
1153,"1975-2025",23,0,0,"0%"
1154,"1925-1974",2,0,0,"0%"
1154,"1975-2025",2,0,0,"0%"
1161,"1925-1974",NA,NA,NA,"No building data"
1161,"1975-2025",NA,NA,NA,"No building data"
1162,"1925-1974",NA,NA,NA,"No building data"
1162,"1975-2025",47,0,0,"0%"
1163,"1925-1974",16,0,0,"0%"
1163,"1975-2025",47,0,0,"0%"
1164,"1925-1974",18,0,0,"0%"
1164,"1975-2025",3,0,0,"0%"
1165,"1925-1974",3,0,0,"0%"
1165,"1975-2025",62,0,0,"0%"
1166,"1925-1974",9,0,0,"0%"
1166,"1975-2025",1,0,0,"0%"
1167,"1925-1974",1,0,0,"0%"
1167,"1975-2025",NA,NA,NA,"No building data"
1168,"1925-1974",1,0,0,"0%"
1168,"1975-2025",NA,NA,NA,"No building data"
1170,"1925-1974",NA,NA,NA,"No building data"
1170,"1975-2025",3,0,0,"0%"
1171,"1925-1974",1,0,0,"0%"
1171,"1975-2025",NA,NA,NA,"No building data"
1172,"1925-1974",7,0,0,"0%"
1172,"1975-2025",3,0,0,"0%"
1173,"1925-1974",NA,NA,NA,"No building data"
1173,"1975-2025",1,0,0,"0%"
1174,"1925-1974",NA,NA,NA,"No building data"
1174,"1975-2025",NA,NA,NA,"No building data"
1182,"1925-1974",NA,NA,NA,"No building data"
1182,"1975-2025",NA,NA,NA,"No building data"
1183,"1925-1974",NA,NA,NA,"No building data"
1183,"1975-2025",4,0,0,"0%"
1184,"1925-1974",2,0,0,"0%"
1184,"1975-2025",1,0,0,"0%"
1185,"1925-1974",1,0,0,"0%"
1185,"1975-2025",77,0,0,"0%"
1186,"1925-1974",109,0,0,"0%"
1186,"1975-2025",42,0,0,"0%"
1187,"1925-1974",1,0,0,"0%"
1187,"1975-2025",NA,NA,NA,"No building data"
1188,"1925-1974",3,0,0,"0%"
1188,"1975-2025",1,0,0,"0%"
1190,"1925-1974",1,0,0,"0%"
1190,"1975-2025",NA,NA,NA,"No building data"
1191,"1925-1974",2,0,0,"0%"
1191,"1975-2025",1,0,0,"0%"
1192,"1925-1974",19,0,0,"0%"
1192,"1975-2025",5,0,0,"0%"
1193,"1925-1974",NA,NA,NA,"No building data"
1193,"1975-2025",NA,NA,NA,"No building data"
1194,"1925-1974",NA,NA,NA,"No building data"
1194,"1975-2025",NA,NA,NA,"No building data"
1201,"1925-1974",NA,NA,NA,"No building data"
1201,"1975-2025",NA,NA,NA,"No building data"
1202,"1925-1974",NA,NA,NA,"No building data"
1202,"1975-2025",NA,NA,NA,"No building data"
1203,"1925-1974",14,0,0,"0%"
1203,"1975-2025",6,0,0,"0%"
1204,"1925-1974",NA,NA,NA,"No building data"
1204,"1975-2025",1,0,0,"0%"
1205,"1925-1974",188,0,0,"0%"
1205,"1975-2025",100,0,0,"0%"
1206,"1925-1974",4,0,0,"0%"
1206,"1975-2025",3,0,0,"0%"
1207,"1925-1974",NA,NA,NA,"No building data"
1207,"1975-2025",NA,NA,NA,"No building data"
1208,"1925-1974",NA,NA,NA,"No building data"
1208,"1975-2025",NA,NA,NA,"No building data"
1210,"1925-1974",3,0,0,"0%"
1210,"1975-2025",1,0,0,"0%"
1211,"1925-1974",1,0,0,"0%"
1211,"1975-2025",NA,NA,NA,"No building data"
1212,"1925-1974",1,0,0,"0%"
1212,"1975-2025",1,0,0,"0%"
1213,"1925-1974",NA,NA,NA,"No building data"
1213,"1975-2025",NA,NA,NA,"No building data"
1222,"1925-1974",NA,NA,NA,"No building data"
1222,"1975-2025",NA,NA,NA,"No building data"
1223,"1925-1974",2,0,0,"0%"
1223,"1975-2025",2,0,0,"0%"
1224,"1925-1974",NA,NA,NA,"No building data"
1224,"1975-2025",NA,NA,NA,"No building data"
1225,"1925-1974",NA,NA,NA,"No building data"
1225,"1975-2025",43,0,0,"0%"
1226,"1925-1974",60,0,0,"0%"
1226,"1975-2025",37,0,0,"0%"
1227,"1925-1974",3,0,0,"0%"
1227,"1975-2025",24,0,0,"0%"
1228,"1925-1974",3,2,66.6666666666667,"More than 0%"
1228,"1975-2025",1,0,0,"0%"
1231,"1925-1974",NA,NA,NA,"No building data"
1231,"1975-2025",NA,NA,NA,"No building data"
1232,"1925-1974",3,0,0,"0%"
1232,"1975-2025",NA,NA,NA,"No building data"
1233,"1925-1974",1,0,0,"0%"
1233,"1975-2025",NA,NA,NA,"No building data"
1234,"1925-1974",NA,NA,NA,"No building data"
1234,"1975-2025",NA,NA,NA,"No building data"
1241,"1925-1974",NA,NA,NA,"No building data"
1241,"1975-2025",NA,NA,NA,"No building data"
1242,"1925-1974",1,0,0,"0%"
1242,"1975-2025",NA,NA,NA,"No building data"
1243,"1925-1974",NA,NA,NA,"No building data"
1243,"1975-2025",NA,NA,NA,"No building data"
1244,"1925-1974",NA,NA,NA,"No building data"
1244,"1975-2025",NA,NA,NA,"No building data"
1245,"1925-1974",17,0,0,"0%"
1245,"1975-2025",14,0,0,"0%"
1246,"1925-1974",4,0,0,"0%"
1246,"1975-2025",22,0,0,"0%"
1247,"1925-1974",12,0,0,"0%"
1247,"1975-2025",4,0,0,"0%"
1251,"1925-1974",NA,NA,NA,"No building data"
1251,"1975-2025",NA,NA,NA,"No building data"
1252,"1925-1974",NA,NA,NA,"No building data"
1252,"1975-2025",NA,NA,NA,"No building data"
1253,"1925-1974",NA,NA,NA,"No building data"
1253,"1975-2025",NA,NA,NA,"No building data"
1262,"1925-1974",1,0,0,"0%"
1262,"1975-2025",NA,NA,NA,"No building data"
1263,"1925-1974",NA,NA,NA,"No building data"
1263,"1975-2025",1,0,0,"0%"
1264,"1925-1974",1,0,0,"0%"
1264,"1975-2025",NA,NA,NA,"No building data"
1265,"1925-1974",1,0,0,"0%"
1265,"1975-2025",1,0,0,"0%"
1266,"1925-1974",3,0,0,"0%"
1266,"1975-2025",2,0,0,"0%"
1267,"1925-1974",NA,NA,NA,"No building data"
1267,"1975-2025",2,0,0,"0%"
1272,"1925-1974",NA,NA,NA,"No building data"
1272,"1975-2025",NA,NA,NA,"No building data"
1282,"1925-1974",1,0,0,"0%"
1282,"1975-2025",NA,NA,NA,"No building data"
1283,"1925-1974",64,0,0,"0%"
1283,"1975-2025",39,0,0,"0%"
1284,"1925-1974",NA,NA,NA,"No building data"
1284,"1975-2025",NA,NA,NA,"No building data"
1285,"1925-1974",1,0,0,"0%"
1285,"1975-2025",1,0,0,"0%"
1286,"1925-1974",1,0,0,"0%"
1286,"1975-2025",1,0,0,"0%"
1302,"1925-1974",NA,NA,NA,"No building data"
1302,"1975-2025",NA,NA,NA,"No building data"
1303,"1925-1974",48,0,0,"0%"
1303,"1975-2025",77,0,0,"0%"
1304,"1925-1974",2,0,0,"0%"
1304,"1975-2025",NA,NA,NA,"No building data"
1305,"1925-1974",2,0,0,"0%"
1305,"1975-2025",1,0,0,"0%"
1306,"1925-1974",NA,NA,NA,"No building data"
1306,"1975-2025",2,0,0,"0%"
1322,"1925-1974",NA,NA,NA,"No building data"
1322,"1975-2025",NA,NA,NA,"No building data"
1323,"1925-1974",68,0,0,"0%"
1323,"1975-2025",66,0,0,"0%"
1324,"1925-1974",1,0,0,"0%"
1324,"1975-2025",1,0,0,"0%"
1325,"1925-1974",NA,NA,NA,"No building data"
1325,"1975-2025",NA,NA,NA,"No building data"
1342,"1925-1974",NA,NA,NA,"No building data"
1342,"1975-2025",1,0,0,"0%"
1343,"1925-1974",2,0,0,"0%"
1343,"1975-2025",9,0,0,"0%"
1344,"1925-1974",NA,NA,NA,"No building data"
1344,"1975-2025",NA,NA,NA,"No building data"
1345,"1925-1974",NA,NA,NA,"No building data"
1345,"1975-2025",NA,NA,NA,"No building data"
1346,"1925-1974",NA,NA,NA,"No building data"
1346,"1975-2025",NA,NA,NA,"No building data"
1361,"1925-1974",NA,NA,NA,"No building data"
1361,"1975-2025",NA,NA,NA,"No building data"
1362,"1925-1974",2,0,0,"0%"
1362,"1975-2025",2,0,0,"0%"
1363,"1925-1974",13,0,0,"0%"
1363,"1975-2025",27,0,0,"0%"
1364,"1925-1974",2,0,0,"0%"
1364,"1975-2025",1,0,0,"0%"
1365,"1925-1974",NA,NA,NA,"No building data"
1365,"1975-2025",NA,NA,NA,"No building data"
1382,"1925-1974",5,0,0,"0%"
1382,"1975-2025",NA,NA,NA,"No building data"
1383,"1925-1974",1,0,0,"0%"
1383,"1975-2025",2,0,0,"0%"
1384,"1925-1974",NA,NA,NA,"No building data"
1384,"1975-2025",NA,NA,NA,"No building data"
1385,"1925-1974",2,0,0,"0%"
1385,"1975-2025",2,0,0,"0%"
1386,"1925-1974",NA,NA,NA,"No building data"
1386,"1975-2025",NA,NA,NA,"No building data"
1401,"1925-1974",NA,NA,NA,"No building data"
1401,"1975-2025",NA,NA,NA,"No building data"
1402,"1925-1974",2,0,0,"0%"
1402,"1975-2025",1,0,0,"0%"
1403,"1925-1974",9,0,0,"0%"
1403,"1975-2025",4,0,0,"0%"
1404,"1925-1974",1,0,0,"0%"
1404,"1975-2025",NA,NA,NA,"No building data"
1405,"1925-1974",1,0,0,"0%"
1405,"1975-2025",NA,NA,NA,"No building data"
1422,"1925-1974",NA,NA,NA,"No building data"
1422,"1975-2025",1,0,0,"0%"
1423,"1925-1974",7,7,100,"More than 0%"
1423,"1975-2025",4,3,75,"More than 0%"
1424,"1925-1974",1,0,0,"0%"
1424,"1975-2025",1,0,0,"0%"
1425,"1925-1974",2,0,0,"0%"
1425,"1975-2025",1,0,0,"0%"
1441,"1925-1974",NA,NA,NA,"No building data"
1441,"1975-2025",NA,NA,NA,"No building data"
1442,"1925-1974",31,29,93.5483870967742,"More than 0%"
1442,"1975-2025",3,3,100,"More than 0%"
1443,"1925-1974",49,12,24.4897959183673,"More than 0%"
1443,"1975-2025",17,2,11.7647058823529,"More than 0%"
1444,"1925-1974",7,0,0,"0%"
1444,"1975-2025",NA,NA,NA,"No building data"
1445,"1925-1974",NA,NA,NA,"No building data"
1445,"1975-2025",NA,NA,NA,"No building data"
1462,"1925-1974",NA,NA,NA,"No building data"
1462,"1975-2025",NA,NA,NA,"No building data"
1463,"1925-1974",9,3,33.3333333333333,"More than 0%"
1463,"1975-2025",2,1,50,"More than 0%"
1464,"1925-1974",1,0,0,"0%"
1464,"1975-2025",1,0,0,"0%"
1465,"1925-1974",NA,NA,NA,"No building data"
1465,"1975-2025",NA,NA,NA,"No building data"
1482,"1925-1974",NA,NA,NA,"No building data"
1482,"1975-2025",NA,NA,NA,"No building data"
1483,"1925-1974",NA,NA,NA,"No building data"
1483,"1975-2025",NA,NA,NA,"No building data"
